"Gene","Frequencia_afetacoes","Percentual"
"MLH1",1745,19.21
"EPM2AIP1",31,0.34
"LOC129936471",16,0.18
"LRRFIP2",16,0.18
"TRANK1",14,0.15
"APRG1",11,0.12
"ARPP21",11,0.12
"DCLK3",11,0.12
"GOLGA4",11,0.12
"MIR128-2",11,0.12
"PDCD6IP",11,0.12
"STAC",11,0.12
"AZI2",10,0.11
"CCR4",10,0.11
"CLASP2",10,0.11
"CMC1",10,0.11
"CMTM6",10,0.11
"CMTM7",10,0.11
"CMTM8",10,0.11
"CNOT10",10,0.11
"CRTAP",10,0.11
"DYNC1LI1",10,0.11
"EFHB",10,0.11
"EOMES",10,0.11
"FBXL2",10,0.11
"GADL1",10,0.11
"GLB1",10,0.11
"GPD1L",10,0.11
"ITGA9",10,0.11
"KAT2B",10,0.11
"KCNH8",10,0.11
"LRRC3B",10,0.11
"NEK10",10,0.11
"NGLY1",10,0.11
"NKIRAS1",10,0.11
"NR1D2",10,0.11
"OSBPL10",10,0.11
"OXSM",10,0.11
"PLCL2",10,0.11
"PP2D1",10,0.11
"RAB5A",10,0.11
"RARB",10,0.11
"RBMS3",10,0.11
"RPL15",10,0.11
"SATB1",10,0.11
"SGO1",10,0.11
"SLC4A7",10,0.11
"STT3B",10,0.11
"SUSD5",10,0.11
"TBC1D5",10,0.11
"TGFBR2",10,0.11
"THRB",10,0.11
"TMPPE",10,0.11
"TOP2B",10,0.11
"TRIM71",10,0.11
"UBE2E1",10,0.11
"UBE2E2",10,0.11
"UBP1",10,0.11
"ZCWPW2",10,0.11
"ZNF385D",10,0.11
"ZNF860",10,0.11
"ACAA1",9,0.1
"ACVR2B",9,0.1
"CTDSPL",9,0.1
"DLEC1",9,0.1
"EXOG",9,0.1
"MIR26A1",9,0.1
"MYD88",9,0.1
"OXSR1",9,0.1
"PLCD1",9,0.1
"SCN10A",9,0.1
"SCN11A",9,0.1
"SCN5A",9,0.1
"SLC22A13",9,0.1
"SLC22A14",9,0.1
"VILL",9,0.1
"XYLB",9,0.1
"ANKRD28",8,0.09
"ATG7",8,0.09
"BTD",8,0.09
"C3orf20",8,0.09
"CAND2",8,0.09
"CAPN7",8,0.09
"CCDC174",8,0.09
"CCR8",8,0.09
"CHCHD4",8,0.09
"COLQ",8,0.09
"CSRNP1",8,0.09
"CX3CR1",8,0.09
"DAZL",8,0.09
"DPH3",8,0.09
"EAF1",8,0.09
"EIF1B",8,0.09
"ENTPD3",8,0.09
"FBLN2",8,0.09
"FGD5",8,0.09
"FGD5-AS1",8,0.09
"GALNT15",8,0.09
"GORASP1",8,0.09
"GRIP2",8,0.09
"HACL1",8,0.09
"HDAC11",8,0.09
"IQSEC1",8,0.09
"LSM3",8,0.09
"METTL6",8,0.09
"MKRN2",8,0.09
"MOBP",8,0.09
"MRPS25",8,0.09
"MYRIP",8,0.09
"NR2C2",8,0.09
"NUP210",8,0.09
"OXNAD1",8,0.09
"PPARG",8,0.09
"RAF1",8,0.09
"RBSN",8,0.09
"RFTN1",8,0.09
"RPL14",8,0.09
"RPL32",8,0.09
"RPSA",8,0.09
"SH3BP5",8,0.09
"SLC25A38",8,0.09
"SLC6A6",8,0.09
"SNORA62",8,0.09
"SYN2",8,0.09
"TAMM41",8,0.09
"TIMP4",8,0.09
"TMEM40",8,0.09
"TMEM43",8,0.09
"TSEN2",8,0.09
"TTC21A",8,0.09
"VGLL4",8,0.09
"WDR48",8,0.09
"WNT7A",8,0.09
"XIRP1",8,0.09
"XPC",8,0.09
"ZNF619",8,0.09
"ZNF620",8,0.09
"ZNF621",8,0.09
"ARL8B",7,0.08
"ARPC4",7,0.08
"ARPC4-TTLL3",7,0.08
"ATP2B2",7,0.08
"BHLHE40",7,0.08
"BRK1",7,0.08
"BRPF1",7,0.08
"CAMK1",7,0.08
"CAV3",7,0.08
"CIDEC",7,0.08
"CNTN4",7,0.08
"CPNE9",7,0.08
"CRBN",7,0.08
"CRELD1",7,0.08
"CTNNB1",7,0.08
"EDEM1",7,0.08
"EGOT",7,0.08
"EMC3",7,0.08
"FANCD2",7,0.08
"FANCD2OS",7,0.08
"GHRL",7,0.08
"GHRLOS",7,0.08
"GRM7",7,0.08
"HRH1",7,0.08
"IL17RC",7,0.08
"IL17RE",7,0.08
"IL5RA",7,0.08
"IRAK2",7,0.08
"ITPR1",7,0.08
"JAGN1",7,0.08
"LHFPL4",7,0.08
"LINC00312",7,0.08
"LMCD1",7,0.08
"LOC115995508",7,0.08
"LOC129936464",7,0.08
"LOC129936465",7,0.08
"LOC129936466",7,0.08
"LOC129936467",7,0.08
"LOC129936468",7,0.08
"LOC129936469",7,0.08
"LOC129936470",7,0.08
"LRRN1",7,0.08
"MTMR14",7,0.08
"OGG1",7,0.08
"OXTR",7,0.08
"PRRT3",7,0.08
"RAD18",7,0.08
"RPUSD3",7,0.08
"SEC13",7,0.08
"SETD5",7,0.08
"SETMAR",7,0.08
"SLC6A1",7,0.08
"SLC6A11",7,0.08
"SRGAP3",7,0.08
"SSUH2",7,0.08
"SUMF1",7,0.08
"TADA3",7,0.08
"TATDN2",7,0.08
"THUMPD3",7,0.08
"TRNT1",7,0.08
"TTLL3",7,0.08
"VHL",7,0.08
"CHL1",6,0.07
"CNTN6",6,0.07
"LOC122889067",6,0.07
"LOC129936458",6,0.07
"LOC129936459",6,0.07
"LOC129936460",6,0.07
"LOC129936461",6,0.07
"LOC129936462",6,0.07
"LOC129936463",6,0.07
"ULK4",6,0.07
"ABHD5",5,0.06
"ACKR2",5,0.06
"ANO10",5,0.06
"ARPP21-AS1",5,0.06
"CCDC13",5,0.06
"CCK",5,0.06
"CDCP1",5,0.06
"CLEC3B",5,0.06
"CYP8B1",5,0.06
"EXOSC7",5,0.06
"GASK1A",5,0.06
"HHATL",5,0.06
"HIGD1A",5,0.06
"KIAA1143",5,0.06
"KIF15",5,0.06
"KLHL40",5,0.06
"LINC01811",5,0.06
"LINC02033",5,0.06
"LOC101928135",5,0.06
"LOC121009656",5,0.06
"LOC121009657",5,0.06
"LOC122889066",5,0.06
"LOC129389053",5,0.06
"LOC129389054",5,0.06
"LOC129389055",5,0.06
"LOC129936448",5,0.06
"LOC129936449",5,0.06
"LOC129936450",5,0.06
"LOC129936451",5,0.06
"LOC129936452",5,0.06
"LOC129936453",5,0.06
"LOC129936454",5,0.06
"LOC129936455",5,0.06
"LOC129936456",5,0.06
"LOC129936457",5,0.06
"LYZL4",5,0.06
"MIR138-1",5,0.06
"NKTR",5,0.06
"PDCD6IP-DT",5,0.06
"POMGNT2",5,0.06
"SEC22C",5,0.06
"SNRK",5,0.06
"SS18L2",5,0.06
"TCAIM",5,0.06
"TGM4",5,0.06
"TMEM42",5,0.06
"TOPAZ1",5,0.06
"TRAK1",5,0.06
"VIPR1",5,0.06
"ZBTB47",5,0.06
"ZDHHC3",5,0.06
"ZKSCAN7",5,0.06
"ZNF197",5,0.06
"ZNF35",5,0.06
"ZNF445",5,0.06
"ZNF501",5,0.06
"ZNF502",5,0.06
"ZNF660",5,0.06
"ZNF662",5,0.06
"ZNF852",5,0.06
"ACVR2B-AS1",4,0.04
"ALS2CL",4,0.04
"BALR6",4,0.04
"CCDC12",4,0.04
"CCR1",4,0.04
"CCR2",4,0.04
"CCR3",4,0.04
"CCR5",4,0.04
"CCR9",4,0.04
"CCRL2",4,0.04
"CNOT10-AS1",4,0.04
"CRIPTO",4,0.04
"CXCR6",4,0.04
"FYCO1",4,0.04
"GOLGA4-AS1",4,0.04
"HDAC11-AS1",4,0.04
"ITGA9-AS1",4,0.04
"KRABD1",4,0.04
"KRABD1-AS1",4,0.04
"LARS2",4,0.04
"LIMD1",4,0.04
"LINC00620",4,0.04
"LINC00690",4,0.04
"LINC00691",4,0.04
"LINC00692",4,0.04
"LINC00693",4,0.04
"LINC01267",4,0.04
"LINC01980",4,0.04
"LINC01981",4,0.04
"LINC01985",4,0.04
"LINC02011",4,0.04
"LINC02022",4,0.04
"LINC02084",4,0.04
"LOC101927829",4,0.04
"LOC105376975",4,0.04
"LOC107133518",4,0.04
"LOC107457584",4,0.04
"LOC108254666",4,0.04
"LOC110120630",4,0.04
"LOC110121143",4,0.04
"LOC110121232",4,0.04
"LOC110121269",4,0.04
"LOC110121286",4,0.04
"LOC110121287",4,0.04
"LOC110121288",4,0.04
"LOC111365150",4,0.04
"LOC111365223",4,0.04
"LOC111465007",4,0.04
"LOC111465009",4,0.04
"LOC111501778",4,0.04
"LOC112268445",4,0.04
"LOC112903834",4,0.04
"LOC112903841",4,0.04
"LOC112935902",4,0.04
"LOC112935927",4,0.04
"LOC112935928",4,0.04
"LOC112935929",4,0.04
"LOC112935930",4,0.04
"LOC114803475",4,0.04
"LOC115995505",4,0.04
"LOC115995506",4,0.04
"LOC115995507",4,0.04
"LOC115995509",4,0.04
"LOC120285841",4,0.04
"LOC121009640",4,0.04
"LOC121009641",4,0.04
"LOC121009642",4,0.04
"LOC121009643",4,0.04
"LOC121009644",4,0.04
"LOC121009651",4,0.04
"LOC121009652",4,0.04
"LOC121009653",4,0.04
"LOC121009654",4,0.04
"LOC121009655",4,0.04
"LOC121725130",4,0.04
"LOC121725131",4,0.04
"LOC121725132",4,0.04
"LOC121725133",4,0.04
"LOC121725134",4,0.04
"LOC121725135",4,0.04
"LOC121725136",4,0.04
"LOC121725137",4,0.04
"LOC121725138",4,0.04
"LOC121725139",4,0.04
"LOC122889034",4,0.04
"LOC122889035",4,0.04
"LOC122889036",4,0.04
"LOC122889037",4,0.04
"LOC122889038",4,0.04
"LOC122889039",4,0.04
"LOC122889040",4,0.04
"LOC122889041",4,0.04
"LOC122889042",4,0.04
"LOC122889043",4,0.04
"LOC122889044",4,0.04
"LOC122889045",4,0.04
"LOC122889046",4,0.04
"LOC122889047",4,0.04
"LOC122889048",4,0.04
"LOC122889049",4,0.04
"LOC122889050",4,0.04
"LOC122889051",4,0.04
"LOC122889052",4,0.04
"LOC122889053",4,0.04
"LOC122889054",4,0.04
"LOC122889055",4,0.04
"LOC122889056",4,0.04
"LOC122889057",4,0.04
"LOC122889058",4,0.04
"LOC122889059",4,0.04
"LOC122889060",4,0.04
"LOC122889061",4,0.04
"LOC122889062",4,0.04
"LOC122889063",4,0.04
"LOC122889064",4,0.04
"LOC122889065",4,0.04
"LOC122889068",4,0.04
"LOC122889069",4,0.04
"LOC126806604",4,0.04
"LOC126806605",4,0.04
"LOC126806606",4,0.04
"LOC126806607",4,0.04
"LOC126806608",4,0.04
"LOC126806609",4,0.04
"LOC126806610",4,0.04
"LOC126806611",4,0.04
"LOC126806612",4,0.04
"LOC126806613",4,0.04
"LOC126806614",4,0.04
"LOC126806615",4,0.04
"LOC126806616",4,0.04
"LOC126806617",4,0.04
"LOC126806618",4,0.04
"LOC126806619",4,0.04
"LOC126806620",4,0.04
"LOC126806621",4,0.04
"LOC126806622",4,0.04
"LOC126806623",4,0.04
"LOC126806624",4,0.04
"LOC126806625",4,0.04
"LOC126806626",4,0.04
"LOC126806627",4,0.04
"LOC126806628",4,0.04
"LOC126806629",4,0.04
"LOC126806630",4,0.04
"LOC126806631",4,0.04
"LOC126806632",4,0.04
"LOC126806633",4,0.04
"LOC126806634",4,0.04
"LOC126806635",4,0.04
"LOC126806636",4,0.04
"LOC126806637",4,0.04
"LOC126806638",4,0.04
"LOC126806639",4,0.04
"LOC126806640",4,0.04
"LOC126806641",4,0.04
"LOC126806642",4,0.04
"LOC126806643",4,0.04
"LOC126806644",4,0.04
"LOC126806645",4,0.04
"LOC126806646",4,0.04
"LOC126806647",4,0.04
"LOC126806648",4,0.04
"LOC126806649",4,0.04
"LOC126806650",4,0.04
"LOC126806651",4,0.04
"LOC126806652",4,0.04
"LOC129389024",4,0.04
"LOC129389025",4,0.04
"LOC129389026",4,0.04
"LOC129389027",4,0.04
"LOC129389028",4,0.04
"LOC129389029",4,0.04
"LOC129389030",4,0.04
"LOC129389031",4,0.04
"LOC129389032",4,0.04
"LOC129389033",4,0.04
"LOC129389034",4,0.04
"LOC129389035",4,0.04
"LOC129389036",4,0.04
"LOC129389037",4,0.04
"LOC129389038",4,0.04
"LOC129389039",4,0.04
"LOC129389040",4,0.04
"LOC129389041",4,0.04
"LOC129389042",4,0.04
"LOC129389043",4,0.04
"LOC129389044",4,0.04
"LOC129389045",4,0.04
"LOC129389046",4,0.04
"LOC129389047",4,0.04
"LOC129389048",4,0.04
"LOC129389049",4,0.04
"LOC129389050",4,0.04
"LOC129389051",4,0.04
"LOC129389052",4,0.04
"LOC129389056",4,0.04
"LOC129389057",4,0.04
"LOC129389058",4,0.04
"LOC129936158",4,0.04
"LOC129936159",4,0.04
"LOC129936160",4,0.04
"LOC129936161",4,0.04
"LOC129936162",4,0.04
"LOC129936163",4,0.04
"LOC129936164",4,0.04
"LOC129936165",4,0.04
"LOC129936166",4,0.04
"LOC129936167",4,0.04
"LOC129936168",4,0.04
"LOC129936169",4,0.04
"LOC129936170",4,0.04
"LOC129936171",4,0.04
"LOC129936172",4,0.04
"LOC129936173",4,0.04
"LOC129936174",4,0.04
"LOC129936175",4,0.04
"LOC129936176",4,0.04
"LOC129936177",4,0.04
"LOC129936178",4,0.04
"LOC129936179",4,0.04
"LOC129936180",4,0.04
"LOC129936181",4,0.04
"LOC129936182",4,0.04
"LOC129936183",4,0.04
"LOC129936184",4,0.04
"LOC129936185",4,0.04
"LOC129936186",4,0.04
"LOC129936187",4,0.04
"LOC129936188",4,0.04
"LOC129936189",4,0.04
"LOC129936190",4,0.04
"LOC129936191",4,0.04
"LOC129936192",4,0.04
"LOC129936193",4,0.04
"LOC129936194",4,0.04
"LOC129936195",4,0.04
"LOC129936196",4,0.04
"LOC129936197",4,0.04
"LOC129936198",4,0.04
"LOC129936199",4,0.04
"LOC129936200",4,0.04
"LOC129936201",4,0.04
"LOC129936202",4,0.04
"LOC129936203",4,0.04
"LOC129936204",4,0.04
"LOC129936205",4,0.04
"LOC129936206",4,0.04
"LOC129936207",4,0.04
"LOC129936208",4,0.04
"LOC129936209",4,0.04
"LOC129936210",4,0.04
"LOC129936211",4,0.04
"LOC129936212",4,0.04
"LOC129936213",4,0.04
"LOC129936214",4,0.04
"LOC129936215",4,0.04
"LOC129936216",4,0.04
"LOC129936217",4,0.04
"LOC129936218",4,0.04
"LOC129936219",4,0.04
"LOC129936220",4,0.04
"LOC129936221",4,0.04
"LOC129936222",4,0.04
"LOC129936223",4,0.04
"LOC129936224",4,0.04
"LOC129936225",4,0.04
"LOC129936226",4,0.04
"LOC129936227",4,0.04
"LOC129936228",4,0.04
"LOC129936229",4,0.04
"LOC129936230",4,0.04
"LOC129936231",4,0.04
"LOC129936232",4,0.04
"LOC129936233",4,0.04
"LOC129936234",4,0.04
"LOC129936235",4,0.04
"LOC129936236",4,0.04
"LOC129936237",4,0.04
"LOC129936238",4,0.04
"LOC129936239",4,0.04
"LOC129936240",4,0.04
"LOC129936241",4,0.04
"LOC129936242",4,0.04
"LOC129936243",4,0.04
"LOC129936244",4,0.04
"LOC129936245",4,0.04
"LOC129936246",4,0.04
"LOC129936247",4,0.04
"LOC129936248",4,0.04
"LOC129936249",4,0.04
"LOC129936250",4,0.04
"LOC129936251",4,0.04
"LOC129936252",4,0.04
"LOC129936253",4,0.04
"LOC129936254",4,0.04
"LOC129936255",4,0.04
"LOC129936256",4,0.04
"LOC129936257",4,0.04
"LOC129936258",4,0.04
"LOC129936259",4,0.04
"LOC129936260",4,0.04
"LOC129936261",4,0.04
"LOC129936262",4,0.04
"LOC129936263",4,0.04
"LOC129936264",4,0.04
"LOC129936265",4,0.04
"LOC129936266",4,0.04
"LOC129936267",4,0.04
"LOC129936268",4,0.04
"LOC129936269",4,0.04
"LOC129936270",4,0.04
"LOC129936271",4,0.04
"LOC129936272",4,0.04
"LOC129936273",4,0.04
"LOC129936274",4,0.04
"LOC129936275",4,0.04
"LOC129936276",4,0.04
"LOC129936277",4,0.04
"LOC129936278",4,0.04
"LOC129936279",4,0.04
"LOC129936280",4,0.04
"LOC129936281",4,0.04
"LOC129936282",4,0.04
"LOC129936283",4,0.04
"LOC129936284",4,0.04
"LOC129936285",4,0.04
"LOC129936286",4,0.04
"LOC129936287",4,0.04
"LOC129936288",4,0.04
"LOC129936289",4,0.04
"LOC129936290",4,0.04
"LOC129936291",4,0.04
"LOC129936292",4,0.04
"LOC129936293",4,0.04
"LOC129936294",4,0.04
"LOC129936295",4,0.04
"LOC129936296",4,0.04
"LOC129936297",4,0.04
"LOC129936298",4,0.04
"LOC129936299",4,0.04
"LOC129936300",4,0.04
"LOC129936301",4,0.04
"LOC129936302",4,0.04
"LOC129936303",4,0.04
"LOC129936304",4,0.04
"LOC129936305",4,0.04
"LOC129936306",4,0.04
"LOC129936307",4,0.04
"LOC129936308",4,0.04
"LOC129936309",4,0.04
"LOC129936310",4,0.04
"LOC129936311",4,0.04
"LOC129936312",4,0.04
"LOC129936313",4,0.04
"LOC129936314",4,0.04
"LOC129936315",4,0.04
"LOC129936316",4,0.04
"LOC129936317",4,0.04
"LOC129936318",4,0.04
"LOC129936319",4,0.04
"LOC129936320",4,0.04
"LOC129936321",4,0.04
"LOC129936322",4,0.04
"LOC129936323",4,0.04
"LOC129936324",4,0.04
"LOC129936325",4,0.04
"LOC129936326",4,0.04
"LOC129936327",4,0.04
"LOC129936328",4,0.04
"LOC129936329",4,0.04
"LOC129936330",4,0.04
"LOC129936331",4,0.04
"LOC129936332",4,0.04
"LOC129936333",4,0.04
"LOC129936334",4,0.04
"LOC129936335",4,0.04
"LOC129936336",4,0.04
"LOC129936337",4,0.04
"LOC129936338",4,0.04
"LOC129936339",4,0.04
"LOC129936340",4,0.04
"LOC129936341",4,0.04
"LOC129936342",4,0.04
"LOC129936343",4,0.04
"LOC129936344",4,0.04
"LOC129936345",4,0.04
"LOC129936346",4,0.04
"LOC129936347",4,0.04
"LOC129936348",4,0.04
"LOC129936349",4,0.04
"LOC129936350",4,0.04
"LOC129936351",4,0.04
"LOC129936352",4,0.04
"LOC129936353",4,0.04
"LOC129936354",4,0.04
"LOC129936355",4,0.04
"LOC129936356",4,0.04
"LOC129936357",4,0.04
"LOC129936358",4,0.04
"LOC129936359",4,0.04
"LOC129936360",4,0.04
"LOC129936361",4,0.04
"LOC129936362",4,0.04
"LOC129936363",4,0.04
"LOC129936364",4,0.04
"LOC129936365",4,0.04
"LOC129936366",4,0.04
"LOC129936367",4,0.04
"LOC129936368",4,0.04
"LOC129936369",4,0.04
"LOC129936370",4,0.04
"LOC129936371",4,0.04
"LOC129936372",4,0.04
"LOC129936373",4,0.04
"LOC129936374",4,0.04
"LOC129936375",4,0.04
"LOC129936376",4,0.04
"LOC129936377",4,0.04
"LOC129936378",4,0.04
"LOC129936379",4,0.04
"LOC129936380",4,0.04
"LOC129936381",4,0.04
"LOC129936382",4,0.04
"LOC129936383",4,0.04
"LOC129936384",4,0.04
"LOC129936385",4,0.04
"LOC129936386",4,0.04
"LOC129936387",4,0.04
"LOC129936388",4,0.04
"LOC129936389",4,0.04
"LOC129936390",4,0.04
"LOC129936391",4,0.04
"LOC129936392",4,0.04
"LOC129936393",4,0.04
"LOC129936394",4,0.04
"LOC129936395",4,0.04
"LOC129936396",4,0.04
"LOC129936397",4,0.04
"LOC129936398",4,0.04
"LOC129936399",4,0.04
"LOC129936400",4,0.04
"LOC129936401",4,0.04
"LOC129936402",4,0.04
"LOC129936403",4,0.04
"LOC129936404",4,0.04
"LOC129936405",4,0.04
"LOC129936406",4,0.04
"LOC129936407",4,0.04
"LOC129936408",4,0.04
"LOC129936409",4,0.04
"LOC129936410",4,0.04
"LOC129936411",4,0.04
"LOC129936412",4,0.04
"LOC129936413",4,0.04
"LOC129936414",4,0.04
"LOC129936415",4,0.04
"LOC129936416",4,0.04
"LOC129936417",4,0.04
"LOC129936418",4,0.04
"LOC129936419",4,0.04
"LOC129936420",4,0.04
"LOC129936421",4,0.04
"LOC129936422",4,0.04
"LOC129936423",4,0.04
"LOC129936424",4,0.04
"LOC129936425",4,0.04
"LOC129936426",4,0.04
"LOC129936427",4,0.04
"LOC129936428",4,0.04
"LOC129936429",4,0.04
"LOC129936430",4,0.04
"LOC129936431",4,0.04
"LOC129936432",4,0.04
"LOC129936433",4,0.04
"LOC129936434",4,0.04
"LOC129936435",4,0.04
"LOC129936436",4,0.04
"LOC129936437",4,0.04
"LOC129936438",4,0.04
"LOC129936439",4,0.04
"LOC129936440",4,0.04
"LOC129936441",4,0.04
"LOC129936442",4,0.04
"LOC129936443",4,0.04
"LOC129936444",4,0.04
"LOC129936445",4,0.04
"LOC129936446",4,0.04
"LOC129936447",4,0.04
"LOC129936472",4,0.04
"LOC129936473",4,0.04
"LOC129936474",4,0.04
"LOC129936475",4,0.04
"LOC129936476",4,0.04
"LOC129936477",4,0.04
"LOC129936478",4,0.04
"LOC129936479",4,0.04
"LOC129936480",4,0.04
"LOC129936481",4,0.04
"LOC129936482",4,0.04
"LOC129936483",4,0.04
"LOC129936484",4,0.04
"LOC129936485",4,0.04
"LOC129936486",4,0.04
"LOC129936487",4,0.04
"LOC129936488",4,0.04
"LOC129936489",4,0.04
"LOC129936490",4,0.04
"LOC132088867",4,0.04
"LOC132088868",4,0.04
"LOC132088871",4,0.04
"LOC132088872",4,0.04
"LOC132088880",4,0.04
"LOC132088882",4,0.04
"LOC132088918",4,0.04
"LOC132088919",4,0.04
"LOC132088920",4,0.04
"LOC132088921",4,0.04
"LOC132088922",4,0.04
"LOC132088923",4,0.04
"LOC132088924",4,0.04
"LOC132088925",4,0.04
"LOC132088926",4,0.04
"LOC132088927",4,0.04
"LOC132088928",4,0.04
"LOC132088929",4,0.04
"LOC132088930",4,0.04
"LOC132088931",4,0.04
"LOC132088932",4,0.04
"LOC132088933",4,0.04
"LOC132088934",4,0.04
"LOC132088935",4,0.04
"LOC132088936",4,0.04
"LOC132088937",4,0.04
"LOC132088938",4,0.04
"LOC132088939",4,0.04
"LOC132088940",4,0.04
"LOC132088941",4,0.04
"LOC132088942",4,0.04
"LOC132088943",4,0.04
"LOC132088945",4,0.04
"LOC132088946",4,0.04
"LOC132088947",4,0.04
"LOC132088948",4,0.04
"LOC132088950",4,0.04
"LOC132088951",4,0.04
"LOC132088952",4,0.04
"LOC132088953",4,0.04
"LOC132088955",4,0.04
"LOC132088956",4,0.04
"LOC132088957",4,0.04
"LOC132088958",4,0.04
"LOC132088959",4,0.04
"LOC132088960",4,0.04
"LOC132088961",4,0.04
"LOC132088962",4,0.04
"LOC132090691",4,0.04
"LOC132090692",4,0.04
"LOC132090693",4,0.04
"LOC132090694",4,0.04
"LOC132090695",4,0.04
"LOC132090696",4,0.04
"LOC132205955",4,0.04
"LRRC2",4,0.04
"LRRC3B-AS1",4,0.04
"LTF",4,0.04
"LZTFL1",4,0.04
"MIR3134",4,0.04
"MIR3135A",4,0.04
"MIR3714",4,0.04
"MIR4270",4,0.04
"MIR4442",4,0.04
"MIR466",4,0.04
"MIR4791",4,0.04
"MIR548AY",4,0.04
"MIR563",4,0.04
"MKRN2OS",4,0.04
"MYL3",4,0.04
"NBEAL2",4,0.04
"OSBPL10-AS1",4,0.04
"PLCL2-AS1",4,0.04
"PLCL2UT",4,0.04
"PRSS50",4,0.04
"PTH1R",4,0.04
"RARB-AS1",4,0.04
"RBMS3-AS1",4,0.04
"RBMS3-AS2",4,0.04
"RBMS3-AS3",4,0.04
"RTP3",4,0.04
"SACM1L",4,0.04
"SATB1-AS1",4,0.04
"SGO1-AS1",4,0.04
"SH3BP5-AS1",4,0.04
"SLC6A20",4,0.04
"SNORA7A",4,0.04
"SNORA93",4,0.04
"THRB-AS1",4,0.04
"THRB-AS2",4,0.04
"TMEM158",4,0.04
"TMIE",4,0.04
"UBE2E1-AS1",4,0.04
"UBE2E2-DT",4,0.04
"XCR1",4,0.04
"ZNF385D-AS1",4,0.04
"ZNF385D-AS2",4,0.04
"ABHD14A",3,0.03
"ABHD14B",3,0.03
"ACTR8",3,0.03
"ACY1",3,0.03
"ALAS1",3,0.03
"AMIGO3",3,0.03
"AMT",3,0.03
"APEH",3,0.03
"ARIH2",3,0.03
"ARIH2OS",3,0.03
"ATP2B2-IT1",3,0.03
"ATP2B2-IT2",3,0.03
"ATRIP",3,0.03
"BAP1",3,0.03
"BHLHE40-AS1",3,0.03
"BRRIAR",3,0.03
"BSN",3,0.03
"C3orf18",3,0.03
"C3orf62",3,0.03
"CACNA1D",3,0.03
"CACNA2D2",3,0.03
"CACNA2D3",3,0.03
"CAMKV",3,0.03
"CAMP",3,0.03
"CCDC51",3,0.03
"CCDC71",3,0.03
"CDC25A",3,0.03
"CDHR4",3,0.03
"CELSR3",3,0.03
"CHDH",3,0.03
"CHL1-AS1",3,0.03
"CHL1-AS2",3,0.03
"CIMIP7",3,0.03
"CISH",3,0.03
"CNTN4-AS1",3,0.03
"CNTN4-AS2",3,0.03
"COL7A1",3,0.03
"CSPG5",3,0.03
"CYB561D2",3,0.03
"DAG1",3,0.03
"DALRD3",3,0.03
"DCAF1",3,0.03
"DCP1A",3,0.03
"DHX30",3,0.03
"DNAH1",3,0.03
"DOCK3",3,0.03
"DUSP7",3,0.03
"EIF1B-AS1",3,0.03
"ELP6",3,0.03
"EMC3-AS1",3,0.03
"ENTPD3-AS1",3,0.03
"ESRG",3,0.03
"FBXW12",3,0.03
"GLT8D1",3,0.03
"GLYCTK",3,0.03
"GMPPB",3,0.03
"GNAI2",3,0.03
"GNAT1",3,0.03
"GNL3",3,0.03
"GPR62",3,0.03
"GPX1",3,0.03
"GRM2",3,0.03
"GRM7-AS1",3,0.03
"GRM7-AS2",3,0.03
"GRM7-AS3",3,0.03
"HEMK1",3,0.03
"HYAL1",3,0.03
"HYAL2",3,0.03
"HYAL3",3,0.03
"IFRD2",3,0.03
"IHO1",3,0.03
"IL17RB",3,0.03
"IMPDH2",3,0.03
"INKA1",3,0.03
"IP6K1",3,0.03
"IP6K2",3,0.03
"IQCF1",3,0.03
"IQCF2",3,0.03
"IQCF3",3,0.03
"IQCF5",3,0.03
"IQCF6",3,0.03
"ITIH1",3,0.03
"ITIH3",3,0.03
"ITIH4",3,0.03
"ITPR1-DT",3,0.03
"KIF9",3,0.03
"KLHDC8B",3,0.03
"KLHL18",3,0.03
"LAMB2",3,0.03
"LINC00606",3,0.03
"LINC00852",3,0.03
"LINC01266",3,0.03
"LMCD1-AS1",3,0.03
"LOC100130207",3,0.03
"LOC101927394",3,0.03
"LOC101927467",3,0.03
"LOC105376944",3,0.03
"LOC107303337",3,0.03
"LOC107303338",3,0.03
"LOC107303339",3,0.03
"LOC107303340",3,0.03
"LOC107303341",3,0.03
"LOC107303342",3,0.03
"LOC107522028",3,0.03
"LOC107522035",3,0.03
"LOC111365149",3,0.03
"LOC111429626",3,0.03
"LOC111501788",3,0.03
"LOC112841609",3,0.03
"LOC112848342",3,0.03
"LOC112935931",3,0.03
"LOC112935932",3,0.03
"LOC112935933",3,0.03
"LOC112935963",3,0.03
"LOC114004374",3,0.03
"LOC115995504",3,0.03
"LOC121009636",3,0.03
"LOC121009637",3,0.03
"LOC121009638",3,0.03
"LOC121009639",3,0.03
"LOC121009658",3,0.03
"LOC121725127",3,0.03
"LOC121725128",3,0.03
"LOC121725129",3,0.03
"LOC121725140",3,0.03
"LOC122889017",3,0.03
"LOC122889018",3,0.03
"LOC122889019",3,0.03
"LOC122889020",3,0.03
"LOC122889021",3,0.03
"LOC122889022",3,0.03
"LOC122889023",3,0.03
"LOC122889024",3,0.03
"LOC122889025",3,0.03
"LOC122889026",3,0.03
"LOC122889027",3,0.03
"LOC122889028",3,0.03
"LOC122889029",3,0.03
"LOC122889030",3,0.03
"LOC122889031",3,0.03
"LOC122889032",3,0.03
"LOC122889033",3,0.03
"LOC122889070",3,0.03
"LOC122889071",3,0.03
"LOC122889072",3,0.03
"LOC126806585",3,0.03
"LOC126806586",3,0.03
"LOC126806587",3,0.03
"LOC126806588",3,0.03
"LOC126806589",3,0.03
"LOC126806590",3,0.03
"LOC126806591",3,0.03
"LOC126806592",3,0.03
"LOC126806593",3,0.03
"LOC126806594",3,0.03
"LOC126806595",3,0.03
"LOC126806596",3,0.03
"LOC126806597",3,0.03
"LOC126806598",3,0.03
"LOC126806599",3,0.03
"LOC126806600",3,0.03
"LOC126806601",3,0.03
"LOC126806602",3,0.03
"LOC126806603",3,0.03
"LOC126806653",3,0.03
"LOC126806654",3,0.03
"LOC129389017",3,0.03
"LOC129389018",3,0.03
"LOC129389019",3,0.03
"LOC129389020",3,0.03
"LOC129389021",3,0.03
"LOC129389022",3,0.03
"LOC129389023",3,0.03
"LOC129389059",3,0.03
"LOC129929021",3,0.03
"LOC129929022",3,0.03
"LOC129929023",3,0.03
"LOC129929024",3,0.03
"LOC129929025",3,0.03
"LOC129929026",3,0.03
"LOC129936035",3,0.03
"LOC129936036",3,0.03
"LOC129936037",3,0.03
"LOC129936038",3,0.03
"LOC129936039",3,0.03
"LOC129936040",3,0.03
"LOC129936041",3,0.03
"LOC129936042",3,0.03
"LOC129936043",3,0.03
"LOC129936044",3,0.03
"LOC129936045",3,0.03
"LOC129936046",3,0.03
"LOC129936047",3,0.03
"LOC129936048",3,0.03
"LOC129936049",3,0.03
"LOC129936050",3,0.03
"LOC129936051",3,0.03
"LOC129936052",3,0.03
"LOC129936053",3,0.03
"LOC129936054",3,0.03
"LOC129936055",3,0.03
"LOC129936056",3,0.03
"LOC129936057",3,0.03
"LOC129936058",3,0.03
"LOC129936059",3,0.03
"LOC129936060",3,0.03
"LOC129936061",3,0.03
"LOC129936062",3,0.03
"LOC129936063",3,0.03
"LOC129936064",3,0.03
"LOC129936065",3,0.03
"LOC129936066",3,0.03
"LOC129936067",3,0.03
"LOC129936068",3,0.03
"LOC129936069",3,0.03
"LOC129936070",3,0.03
"LOC129936071",3,0.03
"LOC129936072",3,0.03
"LOC129936073",3,0.03
"LOC129936074",3,0.03
"LOC129936075",3,0.03
"LOC129936076",3,0.03
"LOC129936077",3,0.03
"LOC129936078",3,0.03
"LOC129936079",3,0.03
"LOC129936080",3,0.03
"LOC129936081",3,0.03
"LOC129936082",3,0.03
"LOC129936083",3,0.03
"LOC129936084",3,0.03
"LOC129936085",3,0.03
"LOC129936086",3,0.03
"LOC129936087",3,0.03
"LOC129936088",3,0.03
"LOC129936089",3,0.03
"LOC129936090",3,0.03
"LOC129936091",3,0.03
"LOC129936092",3,0.03
"LOC129936093",3,0.03
"LOC129936094",3,0.03
"LOC129936095",3,0.03
"LOC129936096",3,0.03
"LOC129936097",3,0.03
"LOC129936098",3,0.03
"LOC129936099",3,0.03
"LOC129936100",3,0.03
"LOC129936101",3,0.03
"LOC129936102",3,0.03
"LOC129936103",3,0.03
"LOC129936104",3,0.03
"LOC129936105",3,0.03
"LOC129936106",3,0.03
"LOC129936107",3,0.03
"LOC129936108",3,0.03
"LOC129936109",3,0.03
"LOC129936110",3,0.03
"LOC129936111",3,0.03
"LOC129936112",3,0.03
"LOC129936113",3,0.03
"LOC129936114",3,0.03
"LOC129936115",3,0.03
"LOC129936116",3,0.03
"LOC129936117",3,0.03
"LOC129936118",3,0.03
"LOC129936119",3,0.03
"LOC129936120",3,0.03
"LOC129936121",3,0.03
"LOC129936122",3,0.03
"LOC129936123",3,0.03
"LOC129936124",3,0.03
"LOC129936125",3,0.03
"LOC129936126",3,0.03
"LOC129936127",3,0.03
"LOC129936128",3,0.03
"LOC129936129",3,0.03
"LOC129936130",3,0.03
"LOC129936131",3,0.03
"LOC129936132",3,0.03
"LOC129936133",3,0.03
"LOC129936134",3,0.03
"LOC129936135",3,0.03
"LOC129936136",3,0.03
"LOC129936137",3,0.03
"LOC129936138",3,0.03
"LOC129936139",3,0.03
"LOC129936140",3,0.03
"LOC129936141",3,0.03
"LOC129936142",3,0.03
"LOC129936143",3,0.03
"LOC129936144",3,0.03
"LOC129936145",3,0.03
"LOC129936146",3,0.03
"LOC129936147",3,0.03
"LOC129936148",3,0.03
"LOC129936149",3,0.03
"LOC129936150",3,0.03
"LOC129936151",3,0.03
"LOC129936152",3,0.03
"LOC129936153",3,0.03
"LOC129936154",3,0.03
"LOC129936155",3,0.03
"LOC129936156",3,0.03
"LOC129936157",3,0.03
"LOC129936491",3,0.03
"LOC129936492",3,0.03
"LOC129936493",3,0.03
"LOC129936494",3,0.03
"LOC129936495",3,0.03
"LOC129936496",3,0.03
"LOC129936497",3,0.03
"LOC129936498",3,0.03
"LOC129936499",3,0.03
"LOC129936500",3,0.03
"LOC129936501",3,0.03
"LOC129936502",3,0.03
"LOC129936503",3,0.03
"LOC129936504",3,0.03
"LOC129936505",3,0.03
"LOC129936506",3,0.03
"LOC129936507",3,0.03
"LOC129936508",3,0.03
"LOC129936509",3,0.03
"LOC129936510",3,0.03
"LOC129936511",3,0.03
"LOC129936512",3,0.03
"LOC129936513",3,0.03
"LOC129936514",3,0.03
"LOC129936515",3,0.03
"LOC129936516",3,0.03
"LOC129936517",3,0.03
"LOC129936518",3,0.03
"LOC129936519",3,0.03
"LOC129936520",3,0.03
"LOC129936521",3,0.03
"LOC129936522",3,0.03
"LOC129936523",3,0.03
"LOC129936524",3,0.03
"LOC129936525",3,0.03
"LOC129936526",3,0.03
"LOC129936527",3,0.03
"LOC129936528",3,0.03
"LOC129936529",3,0.03
"LOC129936530",3,0.03
"LOC132088859",3,0.03
"LOC132088944",3,0.03
"LOC132088949",3,0.03
"LOC132088954",3,0.03
"LOC132088963",3,0.03
"LOC132088964",3,0.03
"LOC132088965",3,0.03
"LOC132088977",3,0.03
"LOC132088979",3,0.03
"LOC132088980",3,0.03
"LOC401052",3,0.03
"LRTM1",3,0.03
"LSMEM2",3,0.03
"MANF",3,0.03
"MAP4",3,0.03
"MAPKAPK3",3,0.03
"MIR12127",3,0.03
"MIR191",3,0.03
"MIR378B",3,0.03
"MIR4790",3,0.03
"MIR6822",3,0.03
"MIR885",3,0.03
"MIRLET7G",3,0.03
"MON1A",3,0.03
"MST1",3,0.03
"MST1R",3,0.03
"MUSTN1",3,0.03
"NAA80",3,0.03
"NCKIPSD",3,0.03
"NDUFAF3",3,0.03
"NEK4",3,0.03
"NICN1",3,0.03
"NISCH",3,0.03
"NME6",3,0.03
"NPRL2",3,0.03
"NT5DC2",3,0.03
"P4HTM",3,0.03
"PARP3",3,0.03
"PBRM1",3,0.03
"PCBP4",3,0.03
"PFKFB4",3,0.03
"PHF7",3,0.03
"PLXNB1",3,0.03
"POC1A",3,0.03
"PPM1M",3,0.03
"PRKAR2A",3,0.03
"PRKCD",3,0.03
"PRRT3-AS1",3,0.03
"PTPN23",3,0.03
"QARS1",3,0.03
"QRICH1",3,0.03
"RAD54L2",3,0.03
"RASSF1",3,0.03
"RBM15B",3,0.03
"RBM5",3,0.03
"RBM6",3,0.03
"RFT1",3,0.03
"RHOA",3,0.03
"RNF123",3,0.03
"RPL29",3,0.03
"RRP9",3,0.03
"SCAP",3,0.03
"SELENOK",3,0.03
"SEMA3B",3,0.03
"SEMA3F",3,0.03
"SEMA3F-AS1",3,0.03
"SEMA3G",3,0.03
"SETD2",3,0.03
"SFMBT1",3,0.03
"SHISA5",3,0.03
"SLC25A20",3,0.03
"SLC26A6",3,0.03
"SLC38A3",3,0.03
"SLC6A1-AS1",3,0.03
"SMARCC1",3,0.03
"SNORA6",3,0.03
"SPCS1",3,0.03
"SPINK8",3,0.03
"SRGAP3-AS2",3,0.03
"SRGAP3-AS3",3,0.03
"SRGAP3-AS4",3,0.03
"STAB1",3,0.03
"STIMATE",3,0.03
"STIMATE-MUSTN1",3,0.03
"TCTA",3,0.03
"TEX264",3,0.03
"THUMPD3-AS1",3,0.03
"TKT",3,0.03
"TLR9",3,0.03
"TMA7",3,0.03
"TMEM115",3,0.03
"TMEM89",3,0.03
"TNNC1",3,0.03
"TRAIP",3,0.03
"TREX1",3,0.03
"TUSC2",3,0.03
"TWF2",3,0.03
"UBA7",3,0.03
"UCN2",3,0.03
"UQCC5",3,0.03
"UQCRC1",3,0.03
"USP19",3,0.03
"USP4",3,0.03
"WDR6",3,0.03
"WDR82",3,0.03
"ZMYND10",3,0.03
"ZNF589",3,0.03
"A4GNT",2,0.02
"AADAC",2,0.02
"AADACL2",2,0.02
"ABCC5",2,0.02
"ABCF3",2,0.02
"ABHD10",2,0.02
"ABHD6",2,0.02
"ABI3BP",2,0.02
"ABTB1",2,0.02
"ACAD11",2,0.02
"ACAD9",2,0.02
"ACAP2",2,0.02
"ACKR4",2,0.02
"ACOX2",2,0.02
"ACP3",2,0.02
"ACTL6A",2,0.02
"ACTRT3",2,0.02
"ADAMTS9",2,0.02
"ADCY5",2,0.02
"ADGRG7",2,0.02
"ADIPOQ",2,0.02
"ADPRH",2,0.02
"AGTR1",2,0.02
"AHSG",2,0.02
"ALCAM",2,0.02
"ALDH1L1",2,0.02
"ALG1L2",2,0.02
"ALG3",2,0.02
"AMOTL2",2,0.02
"ANAPC13",2,0.02
"ANKUB1",2,0.02
"AP2M1",2,0.02
"APOD",2,0.02
"APPL1",2,0.02
"ARF4",2,0.02
"ARGFX",2,0.02
"ARHGAP31",2,0.02
"ARHGEF26",2,0.02
"ARHGEF3",2,0.02
"ARL13B",2,0.02
"ARL14",2,0.02
"ARL6",2,0.02
"ARL6IP5",2,0.02
"ARMC8",2,0.02
"ASB14",2,0.02
"ASTE1",2,0.02
"ATG3",2,0.02
"ATP11B",2,0.02
"ATP13A3",2,0.02
"ATP13A4",2,0.02
"ATP13A5",2,0.02
"ATP1B3",2,0.02
"ATP2C1",2,0.02
"ATP6V1A",2,0.02
"ATR",2,0.02
"ATXN7",2,0.02
"B3GALNT1",2,0.02
"B3GNT5",2,0.02
"B4GALT4",2,0.02
"BBX",2,0.02
"BCHE",2,0.02
"BCL6",2,0.02
"BDH1",2,0.02
"BFSP2",2,0.02
"BOC",2,0.02
"BTLA",2,0.02
"C3orf22",2,0.02
"C3orf33",2,0.02
"C3orf36",2,0.02
"C3orf38",2,0.02
"C3orf52",2,0.02
"C3orf70",2,0.02
"C3orf80",2,0.02
"CADM2",2,0.02
"CADPS",2,0.02
"CAMK2N2",2,0.02
"CASR",2,0.02
"CBLB",2,0.02
"CCDC14",2,0.02
"CCDC191",2,0.02
"CCDC39",2,0.02
"CCDC50",2,0.02
"CCDC54",2,0.02
"CCDC66",2,0.02
"CCDC80",2,0.02
"CCNL1",2,0.02
"CD200",2,0.02
"CD200R1",2,0.02
"CD200R1L",2,0.02
"CD47",2,0.02
"CD80",2,0.02
"CD86",2,0.02
"CD96",2,0.02
"CDV3",2,0.02
"CEP15",2,0.02
"CEP19",2,0.02
"CEP63",2,0.02
"CEP70",2,0.02
"CEP97",2,0.02
"CFAP100",2,0.02
"CFAP20DC",2,0.02
"CFAP44",2,0.02
"CFAP91",2,0.02
"CFAP92",2,0.02
"CGGBP1",2,0.02
"CHCHD6",2,0.02
"CHMP2B",2,0.02
"CHRD",2,0.02
"CHST13",2,0.02
"CHST2",2,0.02
"CIP2A",2,0.02
"CLCN2",2,0.02
"CLDN1",2,0.02
"CLDN11",2,0.02
"CLDN16",2,0.02
"CLDN18",2,0.02
"CLDND1",2,0.02
"CLRN1",2,0.02
"CLSTN2",2,0.02
"CMSS1",2,0.02
"CNBP",2,0.02
"CNTN3",2,0.02
"COL6A5",2,0.02
"COL6A6",2,0.02
"COL8A1",2,0.02
"COMMD2",2,0.02
"COPB2",2,0.02
"COPG1",2,0.02
"COX17",2,0.02
"CP",2,0.02
"CPA3",2,0.02
"CPB1",2,0.02
"CPN2",2,0.02
"CPNE4",2,0.02
"CPOX",2,0.02
"CRYBG3",2,0.02
"CRYGS",2,0.02
"CSTA",2,0.02
"DBR1",2,0.02
"DCBLD2",2,0.02
"DCUN1D1",2,0.02
"DENND6A",2,0.02
"DGKG",2,0.02
"DHFR2",2,0.02
"DHX36",2,0.02
"DIPK2A",2,0.02
"DLG1",2,0.02
"DNAH12",2,0.02
"DNAJB11",2,0.02
"DNAJB8",2,0.02
"DNAJC13",2,0.02
"DNAJC19",2,0.02
"DNASE1L3",2,0.02
"DPPA2",2,0.02
"DPPA4",2,0.02
"DRC9",2,0.02
"DRD3",2,0.02
"DTX3L",2,0.02
"DVL3",2,0.02
"DYNLT2B",2,0.02
"DZIP1L",2,0.02
"DZIP3",2,0.02
"EAF2",2,0.02
"EBLN2",2,0.02
"ECE2",2,0.02
"ECT2",2,0.02
"EEFSEC",2,0.02
"EFCAB12",2,0.02
"EFCC1",2,0.02
"EHHADH",2,0.02
"EIF2A",2,0.02
"EIF2B5",2,0.02
"EIF4A2",2,0.02
"EIF4E3",2,0.02
"EIF4G1",2,0.02
"EIF5A2",2,0.02
"EOGT",2,0.02
"EPHA3",2,0.02
"EPHA6",2,0.02
"EPHB1",2,0.02
"EPHB3",2,0.02
"ERC2",2,0.02
"ERICH6",2,0.02
"ESYT3",2,0.02
"ETV5",2,0.02
"FAIM",2,0.02
"FAM107A",2,0.02
"FAM131A",2,0.02
"FAM162A",2,0.02
"FAM3D",2,0.02
"FAM43A",2,0.02
"FBXO40",2,0.02
"FBXO45",2,0.02
"FETUB",2,0.02
"FEZF2",2,0.02
"FGF12",2,0.02
"FHIT",2,0.02
"FILIP1L",2,0.02
"FLNB",2,0.02
"FNDC3B",2,0.02
"FOXL2",2,0.02
"FOXL2NB",2,0.02
"FOXP1",2,0.02
"FOXP1-IT1",2,0.02
"FRG2C",2,0.02
"FRMD4B",2,0.02
"FSTL1",2,0.02
"FXR1",2,0.02
"FYTTD1",2,0.02
"GABRR3",2,0.02
"GAP43",2,0.02
"GATA2",2,0.02
"GBE1",2,0.02
"GCSAM",2,0.02
"GFM1",2,0.02
"GHSR",2,0.02
"GK5",2,0.02
"GMNC",2,0.02
"GMPS",2,0.02
"GNB4",2,0.02
"GOLGB1",2,0.02
"GOLIM4",2,0.02
"GP5",2,0.02
"GP9",2,0.02
"GPR149",2,0.02
"GPR15",2,0.02
"GPR156",2,0.02
"GPR160",2,0.02
"GPR171",2,0.02
"GPR27",2,0.02
"GPR87",2,0.02
"GRAMD1C",2,0.02
"GRK7",2,0.02
"GSK3B",2,0.02
"GTF2E1",2,0.02
"GTPBP8",2,0.02
"GUCA1C",2,0.02
"GXYLT2",2,0.02
"GYG1",2,0.02
"H1-10",2,0.02
"H1-8",2,0.02
"HACD2",2,0.02
"HCLS1",2,0.02
"HEG1",2,0.02
"HES1",2,0.02
"HESX1",2,0.02
"HGD",2,0.02
"HHLA2",2,0.02
"HLTF",2,0.02
"HMCES",2,0.02
"HPS3",2,0.02
"HRG",2,0.02
"HSPBAP1",2,0.02
"HTR1F",2,0.02
"HTR3C",2,0.02
"HTR3D",2,0.02
"HTR3E",2,0.02
"IFT122",2,0.02
"IFT57",2,0.02
"IFT80",2,0.02
"IGF2BP2",2,0.02
"IGSF10",2,0.02
"IGSF11",2,0.02
"IGSF11-AS1",2,0.02
"IL12A",2,0.02
"IL17RD",2,0.02
"IL1RAP",2,0.02
"IL20RB",2,0.02
"ILDR1",2,0.02
"IMPG2",2,0.02
"IQCB1",2,0.02
"IQCJ",2,0.02
"IQCJ-SCHIP1",2,0.02
"ISY1",2,0.02
"ISY1-RAB43",2,0.02
"ITGB5",2,0.02
"KALRN",2,0.02
"KBTBD12",2,0.02
"KBTBD8",2,0.02
"KCNAB1",2,0.02
"KCNMB2",2,0.02
"KCNMB3",2,0.02
"KCTD6",2,0.02
"KLF15",2,0.02
"KLHL24",2,0.02
"KLHL6",2,0.02
"KNG1",2,0.02
"KPNA1",2,0.02
"KPNA4",2,0.02
"KY",2,0.02
"LAMP3",2,0.02
"LEKR1",2,0.02
"LINC01565",2,0.02
"LINC02877",2,0.02
"LIPH",2,0.02
"LMLN",2,0.02
"LMOD3",2,0.02
"LNP1",2,0.02
"LOC112935934",2,0.02
"LOC112935935",2,0.02
"LOC122889073",2,0.02
"LOC126806655",2,0.02
"LOC126806656",2,0.02
"LOC126806657",2,0.02
"LOC126806658",2,0.02
"LOC126806659",2,0.02
"LOC129389060",2,0.02
"LOC129936531",2,0.02
"LOC129936532",2,0.02
"LOC129936533",2,0.02
"LOC129936534",2,0.02
"LOC129936535",2,0.02
"LOC129936536",2,0.02
"LPP",2,0.02
"LRCH3",2,0.02
"LRIG1",2,0.02
"LRRC15",2,0.02
"LRRC31",2,0.02
"LRRC34",2,0.02
"LRRC58",2,0.02
"LRRIQ4",2,0.02
"LSAMP",2,0.02
"LSG1",2,0.02
"LXN",2,0.02
"MAGEF1",2,0.02
"MAGI1",2,0.02
"MAP3K13",2,0.02
"MAP6D1",2,0.02
"MASP1",2,0.02
"MB21D2",2,0.02
"MBD4",2,0.02
"MBNL1",2,0.02
"MCCC1",2,0.02
"MCF2L2",2,0.02
"MCM2",2,0.02
"MECOM",2,0.02
"MED12L",2,0.02
"MELTF",2,0.02
"MFN1",2,0.02
"MFSD1",2,0.02
"MGLL",2,0.02
"MINDY4B",2,0.02
"MIR1224",2,0.02
"MIR28",2,0.02
"MIR570",2,0.02
"MITF",2,0.02
"MIX23",2,0.02
"MLF1",2,0.02
"MME",2,0.02
"MORC1",2,0.02
"MORC1-AS1",2,0.02
"MRAS",2,0.02
"MRPL3",2,0.02
"MRPL47",2,0.02
"MRPS22",2,0.02
"MSL2",2,0.02
"MUC13",2,0.02
"MUC20",2,0.02
"MUC4",2,0.02
"MYH15",2,0.02
"MYLK",2,0.02
"MYNN",2,0.02
"NAA50",2,0.02
"NAALADL2",2,0.02
"NCBP2",2,0.02
"NCEH1",2,0.02
"NCK1",2,0.02
"NDUFB4",2,0.02
"NDUFB5",2,0.02
"NECTIN3",2,0.02
"NECTIN3-AS1",2,0.02
"NEK11",2,0.02
"NFKBIZ",2,0.02
"NIT2",2,0.02
"NLGN1",2,0.02
"NMD3",2,0.02
"NME9",2,0.02
"NMNAT3",2,0.02
"NPHP3",2,0.02
"NR1I2",2,0.02
"NRROS",2,0.02
"NSUN3",2,0.02
"NUDT16",2,0.02
"NXPE3",2,0.02
"OPA1",2,0.02
"OR5AC2",2,0.02
"OR5H1",2,0.02
"OR5H14",2,0.02
"OR5H15",2,0.02
"OR5H2",2,0.02
"OR5H6",2,0.02
"OR5K1",2,0.02
"OR5K2",2,0.02
"OR5K3",2,0.02
"OR5K4",2,0.02
"OSBPL11",2,0.02
"OSTN",2,0.02
"OTOL1",2,0.02
"P2RY1",2,0.02
"P2RY12",2,0.02
"P2RY13",2,0.02
"P2RY14",2,0.02
"P3H2",2,0.02
"PAK2",2,0.02
"PAQR9",2,0.02
"PARL",2,0.02
"PARP14",2,0.02
"PARP15",2,0.02
"PARP9",2,0.02
"PCCB",2,0.02
"PCNP",2,0.02
"PCOLCE2",2,0.02
"PCYT1A",2,0.02
"PDCD10",2,0.02
"PDE12",2,0.02
"PDHB",2,0.02
"PDIA5",2,0.02
"PDZRN3",2,0.02
"PEX5L",2,0.02
"PFN2",2,0.02
"PHC3",2,0.02
"PHLDB2",2,0.02
"PIGX",2,0.02
"PIGZ",2,0.02
"PIK3CA",2,0.02
"PIK3CB",2,0.02
"PIK3R4",2,0.02
"PLA1A",2,0.02
"PLAAT1",2,0.02
"PLCH1",2,0.02
"PLCXD2",2,0.02
"PLD1",2,0.02
"PLOD2",2,0.02
"PLS1",2,0.02
"PLSCR1",2,0.02
"PLSCR2",2,0.02
"PLSCR4",2,0.02
"PLSCR5",2,0.02
"PLXNA1",2,0.02
"PLXND1",2,0.02
"PODXL2",2,0.02
"POGLUT1",2,0.02
"POLQ",2,0.02
"POLR2H",2,0.02
"POPDC2",2,0.02
"POU1F1",2,0.02
"PPM1L",2,0.02
"PPP1R2",2,0.02
"PPP2R3A",2,0.02
"PPP4R2",2,0.02
"PRICKLE2",2,0.02
"PRKCI",2,0.02
"PROK2",2,0.02
"PROS1",2,0.02
"PRR23A",2,0.02
"PRR23B",2,0.02
"PRR23C",2,0.02
"PRR23E",2,0.02
"PSMD2",2,0.02
"PSMD6",2,0.02
"PTPRG",2,0.02
"PTX3",2,0.02
"PXK",2,0.02
"PXYLP1",2,0.02
"PYDC2",2,0.02
"QTRT2",2,0.02
"RAB43",2,0.02
"RAB6B",2,0.02
"RAB7A",2,0.02
"RABL3",2,0.02
"RAP2B",2,0.02
"RARRES1",2,0.02
"RASA2",2,0.02
"RBP1",2,0.02
"RBP2",2,0.02
"RETNLB",2,0.02
"RFC4",2,0.02
"RHO",2,0.02
"RIOX2",2,0.02
"RMP64",2,0.02
"RNF13",2,0.02
"RNF168",2,0.02
"RNF7",2,0.02
"ROBO1",2,0.02
"ROBO2",2,0.02
"ROPN1",2,0.02
"ROPN1B",2,0.02
"RPL22L1",2,0.02
"RPL24",2,0.02
"RPL35A",2,0.02
"RPL39L",2,0.02
"RPN1",2,0.02
"RPP14",2,0.02
"RSRC1",2,0.02
"RTP1",2,0.02
"RTP2",2,0.02
"RTP4",2,0.02
"RUBCN",2,0.02
"RUVBL1",2,0.02
"RYBP",2,0.02
"RYK",2,0.02
"SAMD7",2,0.02
"SCHIP1",2,0.02
"SEC22A",2,0.02
"SEC61A1",2,0.02
"SEC62",2,0.02
"SELENOT",2,0.02
"SEMA5B",2,0.02
"SENP2",2,0.02
"SENP5",2,0.02
"SENP7",2,0.02
"SERP1",2,0.02
"SERPINI1",2,0.02
"SERPINI2",2,0.02
"SHOX2",2,0.02
"SHQ1",2,0.02
"SI",2,0.02
"SIAH2",2,0.02
"SIDT1",2,0.02
"SKIL",2,0.02
"SLC12A8",2,0.02
"SLC15A2",2,0.02
"SLC25A36",2,0.02
"SLC2A2",2,0.02
"SLC33A1",2,0.02
"SLC35A5",2,0.02
"SLC35G2",2,0.02
"SLC41A3",2,0.02
"SLC49A4",2,0.02
"SLC51A",2,0.02
"SLC7A14",2,0.02
"SLC9A9",2,0.02
"SLC9C1",2,0.02
"SLCO2A1",2,0.02
"SLITRK3",2,0.02
"SLMAP",2,0.02
"SMC4",2,0.02
"SMCO1",2,0.02
"SNORA63",2,0.02
"SNORA81",2,0.02
"SNTN",2,0.02
"SNX4",2,0.02
"SOX14",2,0.02
"SOX2",2,0.02
"SOX2-OT",2,0.02
"SPATA12",2,0.02
"SPATA16",2,0.02
"SPICE1",2,0.02
"SPSB4",2,0.02
"SPTSSB",2,0.02
"SRPRB",2,0.02
"SSR3",2,0.02
"SST",2,0.02
"ST3GAL6",2,0.02
"ST6GAL1",2,0.02
"STAG1",2,0.02
"STX19",2,0.02
"STXBP5L",2,0.02
"SUCLG2",2,0.02
"SUCNR1",2,0.02
"SYNPR",2,0.02
"TAFA1",2,0.02
"TAFA4",2,0.02
"TAGLN3",2,0.02
"TASOR",2,0.02
"TBC1D23",2,0.02
"TBCCD1",2,0.02
"TBL1XR1",2,0.02
"TERC",2,0.02
"TEX55",2,0.02
"TF",2,0.02
"TFDP2",2,0.02
"TFG",2,0.02
"TFRC",2,0.02
"THOC7",2,0.02
"THPO",2,0.02
"TIGIT",2,0.02
"TIMMDC1",2,0.02
"TIPARP",2,0.02
"TM4SF1",2,0.02
"TM4SF18",2,0.02
"TM4SF19",2,0.02
"TM4SF4",2,0.02
"TMCC1",2,0.02
"TMEM108",2,0.02
"TMEM207",2,0.02
"TMEM212",2,0.02
"TMEM39A",2,0.02
"TMEM41A",2,0.02
"TMEM44",2,0.02
"TMEM45A",2,0.02
"TMF1",2,0.02
"TMPRSS7",2,0.02
"TNFSF10",2,0.02
"TNIK",2,0.02
"TNK2",2,0.02
"TNK2-AS1",2,0.02
"TOMM70",2,0.02
"TOPBP1",2,0.02
"TP63",2,0.02
"TPRA1",2,0.02
"TPRG1",2,0.02
"TRA2B",2,0.02
"TRAT1",2,0.02
"TRH",2,0.02
"TRIM42",2,0.02
"TRIM59",2,0.02
"TRMT10C",2,0.02
"TRPC1",2,0.02
"TSC22D2",2,0.02
"TTC14",2,0.02
"TXNRD3",2,0.02
"TXNRD3NB",2,0.02
"U2SURP",2,0.02
"UBA3",2,0.02
"UBA5",2,0.02
"UBXN7",2,0.02
"UMPS",2,0.02
"UPK1B",2,0.02
"UROC1",2,0.02
"USF3",2,0.02
"USP13",2,0.02
"UTS2B",2,0.02
"VEPH1",2,0.02
"VGLL3",2,0.02
"VPS8",2,0.02
"VWA5B2",2,0.02
"WDR49",2,0.02
"WDR53",2,0.02
"WDR5B",2,0.02
"WNT5A",2,0.02
"WWTR1",2,0.02
"XRN1",2,0.02
"XXYLT1",2,0.02
"YEATS2",2,0.02
"ZBBX",2,0.02
"ZBED2",2,0.02
"ZBTB11",2,0.02
"ZBTB20",2,0.02
"ZBTB38",2,0.02
"ZDHHC19",2,0.02
"ZDHHC23",2,0.02
"ZIC1",2,0.02
"ZIC4",2,0.02
"ZMAT3",2,0.02
"ZNF148",2,0.02
"ZNF639",2,0.02
"ZNF654",2,0.02
"ZNF717",2,0.02
"ZNF80",2,0.02
"ZPLD1",2,0.02
"ZXDC",2,0.02
"CCDC13-AS1",1,0.01
"CCDC13-AS2",1,0.01
"CCR5AS",1,0.01
"FAM240A",1,0.01
"HHATL-AS1",1,0.01
"KRBOX1",1,0.01
"KRBOX1-AS1",1,0.01
"LARS2-AS1",1,0.01
"LIMD1-AS1",1,0.01
"LINC01986",1,0.01
"LINC01988",1,0.01
"LINC02009",1,0.01
"LOC111828516",1,0.01
"LOC112935936",1,0.01
"LOC112935937",1,0.01
"LOC112935938",1,0.01
"LOC112935941",1,0.01
"LOC112935942",1,0.01
"LOC112935943",1,0.01
"LOC114004378",1,0.01
"LOC119086083",1,0.01
"LOC121009659",1,0.01
"LOC121009660",1,0.01
"LOC121009661",1,0.01
"LOC121009662",1,0.01
"LOC121009663",1,0.01
"LOC121009664",1,0.01
"LOC121009665",1,0.01
"LOC121009666",1,0.01
"LOC121725141",1,0.01
"LOC121725142",1,0.01
"LOC121725143",1,0.01
"LOC121725144",1,0.01
"LOC122889074",1,0.01
"LOC122889075",1,0.01
"LOC122889076",1,0.01
"LOC122889077",1,0.01
"LOC122889078",1,0.01
"LOC122889079",1,0.01
"LOC122889080",1,0.01
"LOC122889081",1,0.01
"LOC126806660",1,0.01
"LOC126806661",1,0.01
"LOC126806662",1,0.01
"LOC126806663",1,0.01
"LOC126806664",1,0.01
"LOC126806665",1,0.01
"LOC126806666",1,0.01
"LOC126806667",1,0.01
"LOC126806668",1,0.01
"LOC126806669",1,0.01
"LOC126806670",1,0.01
"LOC126806671",1,0.01
"LOC126806672",1,0.01
"LOC126806673",1,0.01
"LOC129389061",1,0.01
"LOC129389062",1,0.01
"LOC129389063",1,0.01
"LOC129389064",1,0.01
"LOC129936537",1,0.01
"LOC129936538",1,0.01
"LOC129936539",1,0.01
"LOC129936540",1,0.01
"LOC129936541",1,0.01
"LOC129936542",1,0.01
"LOC129936543",1,0.01
"LOC129936544",1,0.01
"LOC129936545",1,0.01
"LOC129936546",1,0.01
"LOC129936547",1,0.01
"LOC129936548",1,0.01
"LOC129936549",1,0.01
"LOC129936550",1,0.01
"LOC129936551",1,0.01
"LOC129936552",1,0.01
"LOC129936553",1,0.01
"LOC129936554",1,0.01
"LOC129936555",1,0.01
"LOC129936556",1,0.01
"LOC129936557",1,0.01
"LOC129936558",1,0.01
"LOC129936559",1,0.01
"LOC129936560",1,0.01
"LOC129936561",1,0.01
"LOC129936562",1,0.01
"LOC129936563",1,0.01
"LOC129936564",1,0.01
"LOC129936565",1,0.01
"LOC129936566",1,0.01
"LOC129936567",1,0.01
"LOC129936568",1,0.01
"LOC129936569",1,0.01
"LOC129936570",1,0.01
"LOC129936571",1,0.01
"LOC129936572",1,0.01
"LOC129936573",1,0.01
"LOC129936574",1,0.01
"LOC129936575",1,0.01
"LOC129936576",1,0.01
"LOC129936577",1,0.01
"LOC129936578",1,0.01
"LOC129936579",1,0.01
"LOC129936580",1,0.01
"LOC129936581",1,0.01
"LOC129936582",1,0.01
"LOC129936583",1,0.01
"LOC129936584",1,0.01
"LOC129936585",1,0.01
"LOC129936586",1,0.01
"LOC129936587",1,0.01
"LOC129936588",1,0.01
"LOC129936589",1,0.01
"LOC129936590",1,0.01
"LOC129936591",1,0.01
"LOC129936592",1,0.01
"LOC129936593",1,0.01
"LOC129936594",1,0.01
"LOC129936595",1,0.01
"LOC129936596",1,0.01
"LOC129936597",1,0.01
"LOC129936598",1,0.01
"LOC129936599",1,0.01
"LOC129936600",1,0.01
"LOC129936601",1,0.01
"LOC129936602",1,0.01
"LOC129936603",1,0.01
"LOC129936604",1,0.01
"LOC129936605",1,0.01
"LOC129936606",1,0.01
"LOC129936607",1,0.01
"LOC129936608",1,0.01
"LOC129936609",1,0.01
"LOC129936610",1,0.01
"LOC129936611",1,0.01
"LOC129936612",1,0.01
"LOC129936613",1,0.01
"LOC129936614",1,0.01
"LOC129936615",1,0.01
"LOC129936616",1,0.01
"LOC129936617",1,0.01
"LOC129936618",1,0.01
"LOC129936619",1,0.01
"LOC129936620",1,0.01
"LOC129936621",1,0.01
"LOC129936622",1,0.01
"LOC129936623",1,0.01
"LOC129936624",1,0.01
"LOC129936625",1,0.01
"LOC129936626",1,0.01
"LOC129936627",1,0.01
"LOC129936628",1,0.01
"LOC129936629",1,0.01
"LOC129936630",1,0.01
"LOC129936631",1,0.01
"LOC129936632",1,0.01
"LOC129936633",1,0.01
"LOC129936634",1,0.01
"LOC129936635",1,0.01
"LOC129936636",1,0.01
"LOC129936637",1,0.01
"LOC129936638",1,0.01
"LOC129936639",1,0.01
"LOC129936640",1,0.01
"LOC129936641",1,0.01
"LOC129936642",1,0.01
"LOC129936643",1,0.01
"LOC129936644",1,0.01
"LOC129936645",1,0.01
"LOC129936646",1,0.01
"LOC129936647",1,0.01
"LOC129936648",1,0.01
"LOC129936649",1,0.01
"LOC129936650",1,0.01
"LOC129936651",1,0.01
"LOC129936652",1,0.01
"LOC129936653",1,0.01
"LOC129936654",1,0.01
"LOC129936655",1,0.01
"LOC129936656",1,0.01
"LOC129936657",1,0.01
"LOC129936658",1,0.01
"LOC129936659",1,0.01
"LOC129936660",1,0.01
"LOC132088966",1,0.01
"LOC132088967",1,0.01
"LRRC2-AS1",1,0.01
"MIR564",1,0.01
"SNRK-AS1",1,0.01
"TRR-ACG2-1",1,0.01
"VIPR1-AS1",1,0.01
"ZBTB47-AS1",1,0.01
"ZKSCAN7-AS1",1,0.01
"ZNF197-AS1",1,0.01
"ZNF660-ZNF197",1,0.01
